,Day_of_week,First_Choice AVG,2nd_Choice AVG,3rd_Choice AVG,4th_Choice AVG,Total_Choices AVG,Available_#_of_Permits,%Chance
0,Monday,196.42424242424244,163.21212121212122,136.3838383838384,125.11111111111111,621.1313131313132,3.313131313131313,0.005334027190528849
1,Tuesday,164.27272727272728,180.6161616161616,144.74747474747474,130.8181818181818,620.4545454545455,3.7373737373737375,0.006023606023606023
2,Wednesday,135.76530612244898,138.77551020408163,138.76530612244898,115.39795918367346,528.704081632653,3.704081632653061,0.007005963754270164
3,Thursday,132.67,137.81,128.65,131.77,530.9,3.75,0.00706347711433415
4,Friday,129.3939393939394,128.4747474747475,120.1010101010101,117.45454545454545,495.42424242424244,3.6565656565656566,0.007380675678430893
5,Saturday,123.70707070707071,116.98989898989899,108.9090909090909,101.98989898989899,451.5959595959596,3.808080808080808,0.008432495302854075
6,Sunday,160.17171717171718,142.0,124.5959595959596,112.33333333333333,539.10101010101,3.707070707070707,0.006876393547057391
